{
  "Groceries": {
    "train_mae": 7.712484451636827,
    "test_mae": 13.755233882646303,
    "train_r2": 0.9965530373689626,
    "test_r2": 0.9894741307013186
  },
  "Transportation": {
    "train_mae": 3.536117234627349,
    "test_mae": 5.887656446406232,
    "train_r2": 0.9957930906980296,
    "test_r2": 0.9902003094036482
  },
  "Entertainment": {
    "train_mae": 5.621727622958229,
    "test_mae": 10.242279007577856,
    "train_r2": 0.9938465078596795,
    "test_r2": 0.9820636050455059
  },
  "Dining Out": {
    "train_mae": 7.350441997480646,
    "test_mae": 13.223445382991407,
    "train_r2": 0.9948775621293563,
    "test_r2": 0.9866223294821487
  },
  "Utilities": {
    "train_mae": 3.0713645472681566,
    "test_mae": 5.452727694826575,
    "train_r2": 0.9938671322760722,
    "test_r2": 0.9839712030851118
  },
  "Shopping": {
    "train_mae": 6.627897847389009,
    "test_mae": 12.217572112599852,
    "train_r2": 0.9934143077619516,
    "test_r2": 0.9793435783917966
  },
  "Healthcare": {
    "train_mae": 4.8361301529519345,
    "test_mae": 8.198757459229153,
    "train_r2": 0.9940460395810692,
    "test_r2": 0.9846205232190439
  },
  "Subscriptions": {
    "train_mae": 1.8280752819782518,
    "test_mae": 3.3005377107838196,
    "train_r2": 0.9966717254002472,
    "test_r2": 0.9906982602634726
  }
}